{"loss": [NaN, NaN, NaN, NaN, NaN, NaN, NaN, NaN, NaN, NaN, NaN, NaN, NaN, NaN, NaN, NaN, NaN, NaN, NaN, NaN, NaN], "mae": [NaN, NaN, NaN, NaN, NaN, NaN, NaN, NaN, NaN, NaN, NaN, NaN, NaN, NaN, NaN, NaN, NaN, NaN, NaN, NaN, NaN], "mean_q": [NaN, NaN, NaN, NaN, NaN, NaN, NaN, NaN, NaN, NaN, NaN, NaN, NaN, NaN, NaN, NaN, NaN, NaN, NaN, NaN, NaN], "mean_eps": [NaN, NaN, NaN, NaN, NaN, NaN, NaN, NaN, NaN, NaN, NaN, NaN, NaN, NaN, NaN, NaN, NaN, NaN, NaN, NaN, NaN], "episode_reward": [275.0, 315.0, 255.0, 625.0, 475.0, 435.0, 330.0, 350.0, 405.0, 155.0, 420.0, 585.0, 465.0, 340.0, 185.0, 465.0, 655.0, 410.0, 215.0, 435.0, 585.0], "nb_episode_steps": [76, 75, 84, 164, 137, 147, 153, 139, 147, 139, 114, 198, 138, 119, 46, 207, 224, 154, 112, 132, 258], "nb_steps": [76, 151, 235, 399, 536, 683, 836, 975, 1122, 1261, 1375, 1573, 1711, 1830, 1876, 2083, 2307, 2461, 2573, 2705, 2963], "episode": [0, 1, 2, 3, 4, 5, 6, 7, 8, 9, 10, 11, 12, 13, 14, 15, 16, 17, 18, 19, 20], "duration": [2.4484197999999995, 0.15140170000000008, 0.49930199999999925, 0.4417048000000001, 0.34008090000000024, 0.31721039999999956, 0.3523290000000001, 0.2950545000000009, 0.3512402000000012, 0.3555893000000001, 0.27232000000000056, 0.47400290000000034, 0.3290897000000008, 0.277060800000001, 0.0869806999999998, 0.4871602999999993, 0.49117619999999995, 0.3119715999999997, 0.23128349999999998, 0.29855550000000086, 0.5371245000000009]}